iso_code	country	date	gdp	gini	Reading	Math
AL	Albania	2015-01-01	11504	28.96	405	413
AL	Albania	2012-01-01	10526	28.96	394	394
AL	Albania	2009-01-01	8823	29.98	385	377
DZ	Algeria	2015-01-01	14612	42.72	350	360
AR	Argentina	2015-01-01	20337	42.67	475	456
AR	Argentina	2012-01-01	19579	42.49	396	388
AR	Argentina	2009-01-01	16618	45.27	398	388
AU	Australia	2015-01-01	46475	34.94	503	494
AU	Australia	2012-01-01	42616	34.94	512	504
AU	Australia	2009-01-01	40282	35.63	515	514
AT	Austria	2012-01-01	46233	30.48	490	506
AT	Austria	2009-01-01	40704	31.5	470	496
AT	Austria	2015-01-01	49419	31.79	485	497
AZ	Azerbaijan	2009-01-01	14900	31.79	362	431
BE	Belgium	2015-01-01	45608	27.59	499	507
BE	Belgium	2012-01-01	42354	27.59	509	515
BE	Belgium	2009-01-01	38047	28.7	506	515
BR	Brazil	2015-01-01	15615	51.48	407	377
BR	Brazil	2012-01-01	15396	52.67	410	391
BR	Brazil	2009-01-01	13215	53.87	412	386
BG	Bulgaria	2015-01-01	18248	36.01	432	441
BG	Bulgaria	2012-01-01	16208	36.01	436	439
BG	Bulgaria	2009-01-01	14132	33.82	429	428
CA	Canada	2015-01-01	44204	33.68	527	516
CA	Canada	2012-01-01	42145	33.68	523	518
CA	Canada	2009-01-01	38791	33.9	524	527
CL	Chile	2015-01-01	23579	50.45	459	423
CL	Chile	2012-01-01	21620	50.84	441	423
CL	Chile	2009-01-01	16267	52.0	449	421
CN	China	2015-01-01	14448	42.16	494	531
CN	China	2012-01-01	11351	42.16	570	613
CN	China	2009-01-01	8374	42.83	556	600
CO	Colombia	2015-01-01	13825	53.5	425	390
CO	Colombia	2012-01-01	12058	53.54	403	376
CO	Colombia	2009-01-01	10260	55.92	413	381
CR	Costa Rica	2015-01-01	15879	48.53	427	400
CR	Costa Rica	2012-01-01	14133	48.61	441	407
HR	Croatia	2015-01-01	22488	32.51	487	464
HR	Croatia	2012-01-01	21132	32.51	485	471
HR	Croatia	2009-01-01	19470	33.18	476	460
CY	Cyprus	2015-01-01	31539	34.31	443	437
CY	Cyprus	2012-01-01	31877	34.31	449	440
CZ	Czech Republic	2015-01-01	33743	26.13	487	492
CZ	Czech Republic	2012-01-01	29047	26.13	493	499
CZ	Czech Republic	2009-01-01	27567	26.18	478	493
DK	Denmark	2015-01-01	48980	29.08	500	511
DK	Denmark	2012-01-01	44803	29.08	496	500
DK	Denmark	2009-01-01	40380	28.84	495	503
DO	Dominican Republic	2015-01-01	14237	47.07	358	328
EE	Estonia	2015-01-01	28946	33.15	519	520
EE	Estonia	2012-01-01	26022	33.15	516	521
EE	Estonia	2009-01-01	20523	31.59	501	512
FI	Finland	2015-01-01	42275	27.12	526	511
FI	Finland	2012-01-01	40620	27.12	524	519
FI	Finland	2009-01-01	37868	27.47	536	541
FR	France	2015-01-01	41178	33.1	499	493
FR	France	2012-01-01	37645	33.1	505	495
FR	France	2009-01-01	34767	33.08	496	497
GE	Georgia	2015-01-01	9609	40.09	401	404
DE	Germany	2015-01-01	47998	30.13	509	506
DE	Germany	2012-01-01	43564	30.13	508	514
DE	Germany	2009-01-01	37080	31.51	497	513
GR	Greece	2015-01-01	26357	36.68	467	454
GR	Greece	2012-01-01	25284	36.68	477	453
GR	Greece	2009-01-01	30396	33.82	483	466
HK	Hong Kong SAR, China	2015-01-01	56951	30.55	527	548
HK	Hong Kong SAR, China	2012-01-01	51274	30.55	545	561
HK	Hong Kong SAR, China	2009-01-01	43935	30.55	533	555
HU	Hungary	2015-01-01	26436	30.55	470	477
HU	Hungary	2012-01-01	22997	30.55	488	477
HU	Hungary	2009-01-01	20573	26.97	494	490
IS	Iceland	2015-01-01	47690	26.94	482	488
IS	Iceland	2012-01-01	40486	26.94	483	493
IS	Iceland	2009-01-01	41063	28.74	500	507
ID	Indonesia	2015-01-01	11038	39.47	397	386
ID	Indonesia	2012-01-01	9421	37.35	396	375
ID	Indonesia	2009-01-01	7787	37.35	402	371
IE	Ireland	2015-01-01	67974	32.52	521	504
IE	Ireland	2012-01-01	46552	32.52	523	501
IE	Ireland	2009-01-01	41567	32.84	496	487
IL	Israel	2015-01-01	36545	42.78	479	470
IL	Israel	2012-01-01	31750	42.78	486	466
IL	Israel	2009-01-01	27578	41.18	474	447
IT	Italy	2015-01-01	37255	35.16	485	490
IT	Italy	2012-01-01	36237	35.16	490	485
IT	Italy	2009-01-01	34549	33.66	486	483
JP	Japan	2015-01-01	40686	32.11	516	532
JP	Japan	2012-01-01	37191	32.11	538	536
JP	Japan	2009-01-01	33099	32.11	520	529
JO	Jordan	2015-01-01	9040	26.33	408	380
JO	Jordan	2012-01-01	9129	26.33	399	386
JO	Jordan	2009-01-01	9436	26.33	405	387
KZ	Kazakhstan	2012-01-01	22392	27.46	393	432
KZ	Kazakhstan	2009-01-01	18387	28.79	390	405
KR	Korea, Rep.	2015-01-01	34421	26.71	517	524
KR	Korea, Rep.	2012-01-01	32097	26.71	536	554
KR	Korea, Rep.	2009-01-01	28320	26.71	539	546
XK	Kosovo	2015-01-01	9685	26.71	347	362
KG	Kyrgyz Republic	2009-01-01	2746	29.87	314	331
LV	Latvia	2015-01-01	24919	35.48	488	482
LV	Latvia	2012-01-01	21252	35.48	489	491
LV	Latvia	2009-01-01	16889	34.83	484	482
LB	Lebanon	2015-01-01	13934	54.18	347	396
LI	Liechtenstein	2012-01-01	29966	35.15	516	535
LI	Liechtenstein	2009-01-01	29966	35.15	499	536
LT	Lithuania	2015-01-01	28936	35.15	472	478
LT	Lithuania	2012-01-01	24657	35.15	477	479
LT	Lithuania	2009-01-01	18164	37.38	468	477
LU	Luxembourg	2015-01-01	104206	34.79	481	486
LU	Luxembourg	2012-01-01	91622	34.79	488	490
LU	Luxembourg	2009-01-01	82362	31.53	472	489
MO	Macao SAR, China	2015-01-01	107024	44.05	509	544
MO	Macao SAR, China	2012-01-01	126863	44.05	509	538
MO	Macao SAR, China	2009-01-01	77553	44.05	487	525
MK	Macedonia, FYR	2015-01-01	14022	44.05	352	371
MY	Malaysia	2012-01-01	23007	46.26	398	421
MT	Malta	2015-01-01	35880	32.42	447	479
MX	Mexico	2015-01-01	17244	48.21	423	408
MX	Mexico	2012-01-01	16457	48.07	424	413
MX	Mexico	2009-01-01	14092	48.23	425	419
MD	Moldova	2015-01-01	5054	26.83	416	420
ME	Montenegro	2015-01-01	16183	31.93	427	418
ME	Montenegro	2012-01-01	13863	32.18	422	410
ME	Montenegro	2009-01-01	12981	31.01	408	403
NL	Netherlands	2015-01-01	49546	27.99	503	512
NL	Netherlands	2012-01-01	46707	27.99	511	523
NL	Netherlands	2009-01-01	44090	28.38	508	526
NZ	New Zealand	2015-01-01	37948	47.05	509	495
NZ	New Zealand	2012-01-01	32986	47.05	512	500
NZ	New Zealand	2009-01-01	30699	47.05	521	519
NO	Norway	2015-01-01	62053	25.9	513	502
NO	Norway	2012-01-01	65380	25.9	504	489
NO	Norway	2009-01-01	55459	26.39	503	498
PA	Panama	2009-01-01	14362	52.03	371	360
PE	Peru	2015-01-01	12529	44.14	398	387
PE	Peru	2012-01-01	11145	45.11	384	368
PE	Peru	2009-01-01	9010	47.96	370	365
PL	Poland	2015-01-01	26855	32.08	506	504
PL	Poland	2012-01-01	23832	32.39	518	518
PL	Poland	2009-01-01	19266	33.58	500	495
PT	Portugal	2015-01-01	29687	36.04	498	492
PT	Portugal	2012-01-01	26454	36.04	488	487
PT	Portugal	2009-01-01	26496	34.91	489	487
QA	Qatar	2015-01-01	127500	27.45	402	402
QA	Qatar	2012-01-01	127610	27.45	388	376
QA	Qatar	2009-01-01	113312	27.45	372	368
RO	Romania	2015-01-01	22070	27.45	434	444
RO	Romania	2012-01-01	18983	34.88	438	445
RO	Romania	2009-01-01	16013	35.24	424	427
RU	Russian Federation	2015-01-01	23702	41.59	495	494
RU	Russian Federation	2012-01-01	25316	41.59	475	482
RU	Russian Federation	2009-01-01	19386	39.69	459	468
RS	Serbia	2012-01-01	13107	29.65	446	449
RS	Serbia	2009-01-01	11841	28.67	442	442
SG	Singapore	2015-01-01	86128	26.12	535	564
SG	Singapore	2012-01-01	77429	26.12	542	573
SG	Singapore	2009-01-01	61646	26.12	526	562
SK	Slovak Republic	2015-01-01	29907	26.12	453	475
SK	Slovak Republic	2012-01-01	26647	26.12	463	482
SK	Slovak Republic	2009-01-01	23082	26.02	477	497
SI	Slovenia	2015-01-01	31964	25.59	505	510
SI	Slovenia	2012-01-01	28841	25.59	481	501
SI	Slovenia	2009-01-01	27504	24.83	483	501
ES	Spain	2015-01-01	34696	35.89	496	486
ES	Spain	2012-01-01	31986	35.89	488	484
ES	Spain	2009-01-01	32423	35.39	481	483
SE	Sweden	2015-01-01	47823	27.32	500	494
SE	Sweden	2012-01-01	44724	27.32	483	478
SE	Sweden	2009-01-01	39693	26.61	497	494
CH	Switzerland	2015-01-01	62499	31.64	492	521
CH	Switzerland	2012-01-01	57590	31.64	509	531
CH	Switzerland	2009-01-01	51632	32.96	501	534
TH	Thailand	2015-01-01	16222	37.85	409	415
TH	Thailand	2012-01-01	14714	39.26	441	427
TH	Thailand	2009-01-01	12201	39.75	421	419
TT	Trinidad and Tobago	2015-01-01	33308	35.81	427	417
TT	Trinidad and Tobago	2009-01-01	29429	35.81	416	414
TN	Tunisia	2015-01-01	11445	35.81	361	367
TN	Tunisia	2012-01-01	10595	35.81	404	388
TN	Tunisia	2009-01-01	9868	37.73	404	371
TR	Turkey	2015-01-01	24054	40.18	428	420
TR	Turkey	2012-01-01	20639	40.17	475	448
TR	Turkey	2009-01-01	15501	38.97	464	445
AE	United Arab Emirates	2015-01-01	70245	32.57	434	427
AE	United Arab Emirates	2012-01-01	60914	32.57	442	434
GB	United Kingdom	2015-01-01	41767	32.57	498	492
GB	United Kingdom	2012-01-01	37477	32.57	499	494
GB	United Kingdom	2009-01-01	34402	34.67	494	492
US	United States	2015-01-01	56207	41.06	497	470
US	United States	2012-01-01	51450	40.46	498	481
US	United States	2009-01-01	47001	41.75	500	487
UY	Uruguay	2015-01-01	21115	41.6	437	418
UY	Uruguay	2012-01-01	18817	41.32	411	409
UY	Uruguay	2009-01-01	15391	46.28	426	427
VN	Vietnam	2015-01-01	6034	37.59	487	495
VN	Vietnam	2012-01-01	5000	38.7	508	511
