iso_code	country	date	gdp	gini
AO	Angola	2008-01-01	5743.11004757	42.72
AO	Angola	2000-01-01	2781.25814007	51.96
AL	Albania	2012-01-01	10526.2483278	28.96
AL	Albania	2008-01-01	8228.35742831	29.98
AL	Albania	2005-01-01	5942.87008309	30.6
AL	Albania	2002-01-01	4754.67585644	31.74
AR	Argentina	2014-01-01	19801.2591151	42.67
AR	Argentina	2013-01-01	20161.4968324	42.28
AR	Argentina	2012-01-01	19579.0064837	42.49
AR	Argentina	2011-01-01	19629.3518452	43.57
AR	Argentina	2010-01-01	18333.5436985	44.5
AR	Argentina	2009-01-01	16618.1208524	45.27
AR	Argentina	2008-01-01	17711.4417868	46.27
AR	Argentina	2007-01-01	16865.5447595	47.37
AR	Argentina	2006-01-01	15227.5124961	48.26
AR	Argentina	2005-01-01	13817.7140738	49.27
AR	Argentina	2004-01-01	12430.7137249	50.18
AR	Argentina	2003-01-01	11217.5719277	53.54
AR	Argentina	2002-01-01	10217.2730998	53.79
AR	Argentina	2001-01-01	11419.0588663	53.34
AR	Argentina	2000-01-01	11810.0613643	51.06
AM	Armenia	2014-01-01	8396.74259485	31.48
AM	Armenia	2013-01-01	7997.38712849	31.54
AM	Armenia	2012-01-01	7649.49140943	30.48
AM	Armenia	2011-01-01	7022.10394338	31.32
AM	Armenia	2010-01-01	6567.2585818	31.07
AM	Armenia	2009-01-01	6323.57833605	29.58
AM	Armenia	2008-01-01	7260.96875587	30.71
AM	Armenia	2007-01-01	6605.21669618	29.83
AM	Armenia	2006-01-01	5607.64586916	32.49
AM	Armenia	2005-01-01	4769.48900409	35.99
AM	Armenia	2004-01-01	4031.94720427	37.51
AM	Armenia	2003-01-01	3531.96864291	33.03
AM	Armenia	2002-01-01	3020.45398669	34.78
AM	Armenia	2001-01-01	2613.78456708	35.36
AU	Australia	2010-01-01	39191.0356252	34.94
AU	Australia	2008-01-01	37506.9068217	35.63
AU	Australia	2003-01-01	29723.6838499	34.01
AU	Australia	2001-01-01	27431.0753994	34.14
AT	Austria	2012-01-01	46233.3962434	30.48
AT	Austria	2011-01-01	44237.9603165	30.8
AT	Austria	2010-01-01	41906.7295927	30.25
AT	Austria	2009-01-01	40704.4097144	31.5
AT	Austria	2008-01-01	41058.6305391	30.45
AT	Austria	2007-01-01	39150.877283	30.58
AT	Austria	2006-01-01	37455.5102149	29.59
AT	Austria	2005-01-01	34866.8404371	28.72
AT	Austria	2004-01-01	33649.4133507	29.87
AZ	Azerbaijan	2008-01-01	13799.7861401	31.79
AZ	Azerbaijan	2005-01-01	7169.15043104	16.64
AZ	Azerbaijan	2004-01-01	5551.44884183	16.23
AZ	Azerbaijan	2003-01-01	4945.90791637	18.81
AZ	Azerbaijan	2002-01-01	4393.96719932	17.36
AZ	Azerbaijan	2001-01-01	3942.08488219	36.45
BI	Burundi	2006-01-01	677.3826655	33.36
BE	Belgium	2012-01-01	42354.6205552	27.59
BE	Belgium	2011-01-01	41248.6927005	28.43
BE	Belgium	2010-01-01	40129.4263347	28.53
BE	Belgium	2009-01-01	38047.6772708	28.7
BE	Belgium	2008-01-01	38133.5122346	29.0
BE	Belgium	2007-01-01	36858.1933154	29.57
BE	Belgium	2006-01-01	35406.6227953	28.26
BE	Belgium	2005-01-01	33332.3527524	29.88
BE	Belgium	2004-01-01	32260.7728985	30.63
BJ	Benin	2011-01-01	1820.89469316	43.44
BJ	Benin	2003-01-01	1456.36454517	38.58
BF	Burkina Faso	2014-01-01	1617.71644613	35.3
BF	Burkina Faso	2009-01-01	1310.68563112	39.76
BF	Burkina Faso	2003-01-01	966.074672936	43.25
BD	Bangladesh	2010-01-01	2393.31583164	32.13
BD	Bangladesh	2005-01-01	1718.40287299	33.2
BD	Bangladesh	2000-01-01	1301.46328479	33.41
BG	Bulgaria	2012-01-01	16208.2370411	36.01
BG	Bulgaria	2011-01-01	15676.0532223	34.28
BG	Bulgaria	2010-01-01	14962.9848631	35.65
BG	Bulgaria	2009-01-01	14132.9916285	33.82
BG	Bulgaria	2008-01-01	14395.6976937	33.57
BG	Bulgaria	2007-01-01	12897.9538641	28.14
BG	Bulgaria	2006-01-01	11377.8556405	35.73
BG	Bulgaria	2003-01-01	8379.28178646	28.92
BG	Bulgaria	2001-01-01	6954.209809	32.68
BA	Bosnia and Herzegovina	2011-01-01	9893.37822999	33.83
BA	Bosnia and Herzegovina	2007-01-01	8159.89470055	33.06
BA	Bosnia and Herzegovina	2004-01-01	5842.69348841	34.04
BA	Bosnia and Herzegovina	2001-01-01	4742.09784737	29.97
BY	Belarus	2014-01-01	18902.3559452	27.18
BY	Belarus	2013-01-01	18271.7538947	26.58
BY	Belarus	2012-01-01	17801.9184289	26.53
BY	Belarus	2011-01-01	17166.6956435	27.15
BY	Belarus	2010-01-01	15906.7560806	28.57
BY	Belarus	2009-01-01	14553.7955127	27.69
BY	Belarus	2008-01-01	14383.1668472	27.83
BY	Belarus	2007-01-01	12756.6344502	29.61
BY	Belarus	2006-01-01	11389.5514963	28.28
BY	Belarus	2005-01-01	9984.1924171	27.55
BY	Belarus	2004-01-01	8781.63631434	26.48
BY	Belarus	2003-01-01	7616.45884449	28.82
BY	Belarus	2002-01-01	6927.55447044	30.34
BY	Belarus	2001-01-01	6453.9052176	30.58
BY	Belarus	2000-01-01	5994.55717304	31.17
BO	Bolivia	2014-01-01	6662.54682532	48.4
BO	Bolivia	2013-01-01	6303.06642034	48.06
BO	Bolivia	2012-01-01	5899.64186064	46.7
BO	Bolivia	2011-01-01	5598.50844451	46.26
BO	Bolivia	2009-01-01	5108.87359362	49.65
BO	Bolivia	2008-01-01	4986.88053332	51.43
BO	Bolivia	2007-01-01	4684.94245011	55.44
BO	Bolivia	2006-01-01	4438.62465046	56.87
BO	Bolivia	2005-01-01	4180.31823541	58.47
BO	Bolivia	2004-01-01	3946.70857633	55.01
BO	Bolivia	2002-01-01	3647.57124524	60.16
BO	Bolivia	2001-01-01	3570.0567605	58.88
BO	Bolivia	2000-01-01	3497.27947511	63.0
BR	Brazil	2014-01-01	16191.7438828	51.48
BR	Brazil	2013-01-01	15968.2920789	52.87
BR	Brazil	2012-01-01	15396.6223447	52.67
BR	Brazil	2011-01-01	14973.0984737	53.09
BR	Brazil	2009-01-01	13215.4256843	53.87
BR	Brazil	2008-01-01	13262.8005447	54.37
BR	Brazil	2007-01-01	12503.6092795	55.23
BR	Brazil	2006-01-01	11604.863549	55.93
BR	Brazil	2005-01-01	10951.2747806	56.64
BR	Brazil	2004-01-01	10401.9413845	56.88
BR	Brazil	2003-01-01	9690.57940995	58.01
BR	Brazil	2002-01-01	9515.49239449	58.62
BR	Brazil	2001-01-01	9216.76517493	59.33
BT	Bhutan	2012-01-01	7162.29347422	38.81
BT	Bhutan	2007-01-01	5131.41037736	38.09
BT	Bhutan	2003-01-01	3524.9267528	46.78
BW	Botswana	2009-01-01	12098.7929868	60.46
BW	Botswana	2002-01-01	8848.1043735	64.73
CF	Central African Republic	2008-01-01	833.252964077	56.24
CF	Central African Republic	2003-01-01	664.315058518	43.61
CA	Canada	2010-01-01	40027.2402089	33.68
CA	Canada	2007-01-01	39441.967789	33.9
CA	Canada	2004-01-01	33754.8695616	33.88
CA	Canada	2000-01-01	29185.3550587	33.65
CH	Switzerland	2012-01-01	57590.7011831	31.64
CH	Switzerland	2011-01-01	55918.7328343	31.83
CH	Switzerland	2010-01-01	52935.8041361	32.72
CH	Switzerland	2009-01-01	51632.6535918	32.96
CH	Switzerland	2008-01-01	52317.5705429	33.96
CH	Switzerland	2007-01-01	49467.2205544	34.47
CL	Chile	2013-01-01	22578.7289197	50.45
CL	Chile	2011-01-01	20437.7045259	50.84
CL	Chile	2009-01-01	16267.4619293	52.0
CL	Chile	2006-01-01	15611.1082142	51.79
CL	Chile	2003-01-01	10771.2474805	54.61
CL	Chile	2000-01-01	9608.17713577	55.59
CN	China	2012-01-01	11351.0628425	42.16
CN	China	2008-01-01	7635.07313883	42.83
CI	Cote d'Ivoire	2008-01-01	2567.19074324	43.18
CI	Cote d'Ivoire	2002-01-01	2295.1913994	41.34
CM	Cameroon	2014-01-01	3058.57457812	46.54
CM	Cameroon	2007-01-01	2507.47922654	42.82
CM	Cameroon	2001-01-01	2070.00889373	42.14
CD	Congo, Dem. Rep.	2012-01-01	664.801780089	42.1
CD	Congo, Dem. Rep.	2004-01-01	460.247641423	42.16
CG	Congo, Rep.	2011-01-01	5213.94693708	48.94
CG	Congo, Rep.	2005-01-01	4223.07536693	47.33
CO	Colombia	2014-01-01	13394.9473587	53.5
CO	Colombia	2013-01-01	12725.0437311	53.49
CO	Colombia	2012-01-01	12058.343758	53.54
CO	Colombia	2011-01-01	11496.4777054	54.18
CO	Colombia	2010-01-01	10680.0030067	55.5
CO	Colombia	2009-01-01	10260.226679	55.92
CO	Colombia	2008-01-01	10132.2656613	56.04
CO	Colombia	2005-01-01	8248.35534179	55.04
CO	Colombia	2004-01-01	7732.31947622	56.11
CO	Colombia	2003-01-01	7241.33125833	54.41
CO	Colombia	2002-01-01	6927.32125259	58.25
CO	Colombia	2001-01-01	6750.68713877	57.76
CO	Colombia	2000-01-01	6585.33413814	58.68
KM	Comoros	2004-01-01	1264.15613509	55.93
CV	Cabo Verde	2007-01-01	5308.13417384	47.19
CV	Cabo Verde	2001-01-01	3116.71101641	52.5
CR	Costa Rica	2014-01-01	15160.5176634	48.53
CR	Costa Rica	2013-01-01	14524.6715008	49.18
CR	Costa Rica	2012-01-01	14133.6881807	48.61
CR	Costa Rica	2011-01-01	13397.2305422	48.6
CR	Costa Rica	2010-01-01	12737.0201762	48.1
CR	Costa Rica	2009-01-01	12141.9349812	50.97
CR	Costa Rica	2008-01-01	12329.9300579	49.14
CR	Costa Rica	2007-01-01	11714.2147112	49.49
CR	Costa Rica	2006-01-01	10697.4635441	49.31
CR	Costa Rica	2005-01-01	9817.00119403	47.77
CR	Costa Rica	2004-01-01	9289.50331736	48.92
CR	Costa Rica	2003-01-01	8793.38314666	49.93
CR	Costa Rica	2002-01-01	8397.30253575	50.89
CR	Costa Rica	2001-01-01	8139.81010265	51.1
CR	Costa Rica	2000-01-01	7829.81296168	47.44
CY	Cyprus	2012-01-01	31877.4702734	34.31
CY	Cyprus	2011-01-01	33192.3798468	32.63
CY	Cyprus	2010-01-01	33295.0278934	31.46
CY	Cyprus	2009-01-01	33922.6685259	32.11
CY	Cyprus	2008-01-01	34823.7429424	31.71
CY	Cyprus	2007-01-01	32986.0379173	31.11
CY	Cyprus	2006-01-01	30496.148822	31.13
CY	Cyprus	2005-01-01	28169.4792031	30.26
CY	Cyprus	2004-01-01	26091.9087204	30.09
CZ	Czech Republic	2012-01-01	29047.2464396	26.13
CZ	Czech Republic	2011-01-01	28797.4179612	26.39
CZ	Czech Republic	2010-01-01	27659.265238	26.63
CZ	Czech Republic	2009-01-01	27567.2024607	26.18
CZ	Czech Republic	2008-01-01	27784.1045712	26.29
CZ	Czech Republic	2007-01-01	26058.2004213	26.0
CZ	Czech Republic	2006-01-01	23751.7920409	26.74
CZ	Czech Republic	2005-01-01	21909.585174	26.95
CZ	Czech Republic	2004-01-01	20781.3434045	27.53
DE	Germany	2011-01-01	42692.5197566	30.13
DE	Germany	2010-01-01	39263.1877913	31.14
DE	Germany	2009-01-01	37080.3082547	31.51
DE	Germany	2008-01-01	38028.7721435	31.29
DE	Germany	2007-01-01	36436.5177698	32.4
DE	Germany	2006-01-01	34261.4736481	32.78
DJ	Djibouti	2013-01-01	2976.37808019	44.13
DJ	Djibouti	2012-01-01	2838.67447258	45.13
DJ	Djibouti	2002-01-01	1766.62228928	40.0
DK	Denmark	2012-01-01	44803.9622367	29.08
DK	Denmark	2011-01-01	44403.3941459	29.54
DK	Denmark	2010-01-01	43082.7555385	29.02
DK	Denmark	2009-01-01	40380.9444701	28.84
DK	Denmark	2008-01-01	41278.3288435	28.89
DK	Denmark	2007-01-01	38953.1998862	26.85
DK	Denmark	2006-01-01	37317.1164394	27.08
DK	Denmark	2005-01-01	34150.1557954	25.94
DK	Denmark	2004-01-01	32931.9464985	25.89
DO	Dominican Republic	2013-01-01	12302.1734226	47.07
DO	Dominican Republic	2012-01-01	11702.3460913	45.68
DO	Dominican Republic	2011-01-01	11320.903056	47.4
DO	Dominican Republic	2010-01-01	10898.5171855	47.2
DO	Dominican Republic	2009-01-01	10072.8019763	48.86
DO	Dominican Republic	2008-01-01	10038.0523333	49.0
DO	Dominican Republic	2007-01-01	9671.43100507	48.69
DO	Dominican Republic	2006-01-01	8788.88193422	51.9
DO	Dominican Republic	2005-01-01	7816.30341832	49.96
DO	Dominican Republic	2004-01-01	7033.12719748	51.95
DO	Dominican Republic	2003-01-01	6858.15948923	52.09
DO	Dominican Republic	2002-01-01	6844.55690957	50.12
DO	Dominican Republic	2001-01-01	6471.26355271	50.43
DO	Dominican Republic	2000-01-01	6312.25992941	52.01
EC	Ecuador	2014-01-01	11506.0625941	45.38
EC	Ecuador	2013-01-01	11037.3467676	47.29
EC	Ecuador	2012-01-01	10512.3187519	46.57
EC	Ecuador	2011-01-01	9926.9034411	46.21
EC	Ecuador	2010-01-01	9163.15913648	49.25
EC	Ecuador	2009-01-01	8889.21352588	49.28
EC	Ecuador	2008-01-01	8920.50082666	50.61
EC	Ecuador	2007-01-01	8366.14544413	54.33
EC	Ecuador	2006-01-01	8110.48556053	53.2
EC	Ecuador	2005-01-01	7664.28927281	54.12
EC	Ecuador	2004-01-01	7169.97230475	54.12
EC	Ecuador	2003-01-01	6555.37274179	54.99
EC	Ecuador	2000-01-01	5855.63475391	56.38
ES	Spain	2012-01-01	31986.500355	35.89
ES	Spain	2011-01-01	32067.1924474	36.1
ES	Spain	2010-01-01	31984.1552475	35.79
ES	Spain	2009-01-01	32423.6017351	35.39
ES	Spain	2008-01-01	33463.1144718	34.8
ES	Spain	2007-01-01	32584.2553765	33.86
ES	Spain	2006-01-01	30832.9707542	32.67
ES	Spain	2005-01-01	27702.4643074	32.5
ES	Spain	2004-01-01	26198.5835963	33.38
EE	Estonia	2012-01-01	26022.4688471	33.15
EE	Estonia	2011-01-01	24543.0674715	32.69
EE	Estonia	2010-01-01	21623.4496624	32.16
EE	Estonia	2009-01-01	20523.3528496	31.59
EE	Estonia	2008-01-01	22664.0393275	32.0
EE	Estonia	2007-01-01	21955.65331	31.25
EE	Estonia	2006-01-01	19269.0695159	33.75
EE	Estonia	2005-01-01	16516.1438725	33.63
EE	Estonia	2004-01-01	14429.6190733	33.96
EE	Estonia	2003-01-01	13063.9154799	34.91
EE	Estonia	2002-01-01	11590.6031705	35.79
EE	Estonia	2001-01-01	10326.4177249	36.01
EE	Estonia	2000-01-01	9414.01535141	35.78
ET	Ethiopia	2010-01-01	1052.10426151	33.17
ET	Ethiopia	2004-01-01	580.921473952	29.81
FI	Finland	2012-01-01	40620.176066	27.12
FI	Finland	2011-01-01	40683.5275822	27.66
FI	Finland	2010-01-01	38812.3188866	27.74
FI	Finland	2009-01-01	37868.7234107	27.47
FI	Finland	2008-01-01	39969.3875987	27.85
FI	Finland	2007-01-01	37688.3519187	28.29
FI	Finland	2006-01-01	34382.7958975	28.02
FI	Finland	2005-01-01	31993.4072569	27.64
FI	Finland	2004-01-01	31140.1407328	27.92
FJ	Fiji	2008-01-01	7093.55024928	42.78
FJ	Fiji	2002-01-01	5750.9919195	39.62
FR	France	2012-01-01	37645.3102786	33.1
FR	France	2011-01-01	37457.2842868	33.35
FR	France	2010-01-01	36026.9825645	33.78
FR	France	2008-01-01	35156.3828412	33.08
FR	France	2007-01-01	34150.6017005	32.63
FR	France	2006-01-01	32543.3612625	29.92
FR	France	2005-01-01	30603.4623969	29.93
FR	France	2004-01-01	29169.4564288	30.8
FM	Micronesia, Fed. Sts.	2013-01-01	3415.24381165	42.46
FM	Micronesia, Fed. Sts.	2005-01-01	2939.58978107	43.1
FM	Micronesia, Fed. Sts.	2000-01-01	2510.45841423	63.26
GA	Gabon	2005-01-01	15140.0195233	42.18
GB	United Kingdom	2012-01-01	37477.8022932	32.57
GB	United Kingdom	2011-01-01	36456.0021583	33.71
GB	United Kingdom	2010-01-01	35740.7372005	34.81
GB	United Kingdom	2009-01-01	34402.9614642	34.67
GB	United Kingdom	2008-01-01	36068.0932304	34.37
GB	United Kingdom	2007-01-01	35151.3406865	35.93
GB	United Kingdom	2006-01-01	34332.3012071	34.84
GB	United Kingdom	2005-01-01	32274.7637422	34.56
GB	United Kingdom	2004-01-01	31617.6122825	36.22
GE	Georgia	2014-01-01	9216.32487569	40.09
GE	Georgia	2013-01-01	8541.81225964	40.03
GE	Georgia	2012-01-01	8026.50718675	41.35
GE	Georgia	2011-01-01	7315.09089766	41.58
GE	Georgia	2010-01-01	6597.56854892	42.13
GE	Georgia	2009-01-01	6054.39489735	41.74
GE	Georgia	2008-01-01	6155.92744153	40.57
GE	Georgia	2007-01-01	5825.77326507	40.6
GE	Georgia	2006-01-01	4985.27652284	39.71
GE	Georgia	2005-01-01	4364.78650465	40.34
GE	Georgia	2004-01-01	3808.34501163	39.78
GE	Georgia	2003-01-01	3455.75504758	39.53
GE	Georgia	2002-01-01	3011.61687738	39.63
GE	Georgia	2001-01-01	2793.30265052	39.57
GE	Georgia	2000-01-01	2587.02780948	40.48
GH	Ghana	2005-01-01	2260.99383691	42.77
GN	Guinea	2012-01-01	1257.09069219	33.73
GN	Guinea	2007-01-01	1127.88376144	39.36
GN	Guinea	2002-01-01	978.202759009	43.0
GM	Gambia, The	2003-01-01	1303.65744396	47.33
GW	Guinea-Bissau	2010-01-01	1365.14795741	50.66
GW	Guinea-Bissau	2002-01-01	1088.89384478	35.57
GR	Greece	2012-01-01	25284.4640766	36.68
GR	Greece	2011-01-01	26141.3195919	35.69
GR	Greece	2010-01-01	28202.8333605	34.48
GR	Greece	2009-01-01	30396.431359	33.82
GR	Greece	2008-01-01	30856.0118268	34.22
GR	Greece	2007-01-01	29280.4397581	34.61
GR	Greece	2006-01-01	28535.9234263	35.41
GR	Greece	2005-01-01	25577.5240796	35.1
GR	Greece	2004-01-01	25455.2481156	33.97
GT	Guatemala	2014-01-01	7529.07233187	48.66
GT	Guatemala	2011-01-01	6844.49564016	52.35
GT	Guatemala	2006-01-01	5926.81529003	54.89
GT	Guatemala	2000-01-01	4811.82562076	54.84
HN	Honduras	2014-01-01	4457.26029231	50.64
HN	Honduras	2013-01-01	4323.24446721	53.67
HN	Honduras	2012-01-01	4213.02444983	57.4
HN	Honduras	2011-01-01	4046.07625167	57.4
HN	Honduras	2010-01-01	3890.8514067	53.39
HN	Honduras	2009-01-01	3779.3189667	51.56
HN	Honduras	2008-01-01	3923.5970209	55.74
HN	Honduras	2007-01-01	3770.76574978	56.16
HN	Honduras	2006-01-01	3535.36019062	57.42
HN	Honduras	2005-01-01	3291.93209955	59.51
HN	Honduras	2004-01-01	3078.01306028	58.41
HN	Honduras	2003-01-01	2888.18378572	58.66
HN	Honduras	2002-01-01	2775.91143956	58.78
HN	Honduras	2001-01-01	2701.9803609	54.08
HR	Croatia	2012-01-01	21132.9958444	32.51
HR	Croatia	2011-01-01	20704.308708	32.32
HR	Croatia	2010-01-01	19205.4373557	27.35
HR	Croatia	2009-01-01	19470.5905138	33.18
HR	Croatia	2008-01-01	20247.0022259	33.71
HR	Croatia	2004-01-01	14097.5507497	29.68
HR	Croatia	2001-01-01	11325.5562198	31.1
HR	Croatia	2000-01-01	10746.6242553	31.33
HT	Haiti	2012-01-01	1614.02589559	60.79
HT	Haiti	2001-01-01	1372.37008266	59.48
HU	Hungary	2012-01-01	22997.744927	30.55
HU	Hungary	2011-01-01	22729.1844668	28.94
HU	Hungary	2010-01-01	21466.5742154	29.37
HU	Hungary	2009-01-01	20573.3758957	26.97
HU	Hungary	2008-01-01	20586.0892052	27.53
HU	Hungary	2007-01-01	18933.8884338	27.94
HU	Hungary	2006-01-01	18230.0352104	28.3
HU	Hungary	2005-01-01	17014.3267207	35.2
HU	Hungary	2004-01-01	16198.9167838	30.02
HU	Hungary	2003-01-01	15417.6228891	30.93
HU	Hungary	2002-01-01	14516.1537172	26.84
HU	Hungary	2001-01-01	13230.6545086	26.92
HU	Hungary	2000-01-01	11843.4620157	27.22
ID	Indonesia	2013-01-01	9979.51729198	39.47
IN	India	2011-01-01	4635.87913659	35.15
IE	Ireland	2012-01-01	46552.9801246	32.52
IE	Ireland	2011-01-01	45477.0109025	32.33
IE	Ireland	2010-01-01	43221.459842	32.3
IE	Ireland	2009-01-01	41567.211924	32.84
IE	Ireland	2008-01-01	44264.4301902	30.91
IE	Ireland	2007-01-01	46763.0426012	31.96
IE	Ireland	2006-01-01	44246.4449973	32.73
IE	Ireland	2005-01-01	40444.6132199	33.76
IE	Ireland	2004-01-01	38696.5907842	33.72
IR	Iran, Islamic Rep.	2013-01-01	16521.2626202	37.35
IR	Iran, Islamic Rep.	2009-01-01	16031.7174429	42.02
IR	Iran, Islamic Rep.	2005-01-01	12956.3634564	38.35
IS	Iceland	2012-01-01	40486.937823	26.94
IS	Iceland	2011-01-01	39465.8459368	27.03
IS	Iceland	2010-01-01	38410.6693031	26.43
IS	Iceland	2009-01-01	41063.7324019	28.74
IS	Iceland	2008-01-01	42677.5353568	31.89
IS	Iceland	2007-01-01	40723.4441261	29.58
IS	Iceland	2006-01-01	38722.9985756	30.25
IS	Iceland	2005-01-01	36964.527679	29.38
IS	Iceland	2004-01-01	35294.7058266	28.11
IL	Israel	2010-01-01	28856.1027382	42.78
IL	Israel	2007-01-01	27623.8933344	41.18
IL	Israel	2005-01-01	24885.2184926	41.86
IL	Israel	2001-01-01	24948.619897	39.2
IT	Italy	2012-01-01	36237.1096393	35.16
IT	Italy	2011-01-01	36347.3433508	34.52
IT	Italy	2010-01-01	35075.7532037	34.41
IT	Italy	2009-01-01	34549.2760884	33.66
IT	Italy	2008-01-01	35402.9175468	33.74
IT	Italy	2007-01-01	33983.1518214	33.19
IT	Italy	2006-01-01	32350.577841	34.26
IT	Italy	2005-01-01	30051.7725164	34.07
IT	Italy	2004-01-01	29468.1593676	34.53
JM	Jamaica	2004-01-01	7233.30330762	45.46
JM	Jamaica	2002-01-01	6652.26820736	48.32
JP	Japan	2008-01-01	34798.7658977	32.11
KZ	Kazakhstan	2013-01-01	23773.8193302	26.33
KZ	Kazakhstan	2012-01-01	22392.2036717	27.46
KZ	Kazakhstan	2011-01-01	21277.7063709	27.42
KZ	Kazakhstan	2010-01-01	19690.38497	28.56
KZ	Kazakhstan	2009-01-01	18387.2019057	28.79
KZ	Kazakhstan	2008-01-01	18513.9254122	29.07
KZ	Kazakhstan	2007-01-01	17793.1478794	28.54
KZ	Kazakhstan	2006-01-01	16098.5109088	29.98
KZ	Kazakhstan	2005-01-01	14259.0186988	29.65
KZ	Kazakhstan	2004-01-01	12705.433854	31.42
KZ	Kazakhstan	2003-01-01	11360.9933343	32.99
KZ	Kazakhstan	2002-01-01	10225.445903	34.05
KZ	Kazakhstan	2001-01-01	9172.36917769	35.39
KE	Kenya	2005-01-01	1980.18918025	48.51
KG	Kyrgyz Republic	2014-01-01	3351.52867058	26.82
KG	Kyrgyz Republic	2013-01-01	3229.34934857	28.82
KG	Kyrgyz Republic	2012-01-01	2922.7028732	27.36
KG	Kyrgyz Republic	2011-01-01	2920.60320991	27.84
KG	Kyrgyz Republic	2010-01-01	2733.72933719	30.13
KG	Kyrgyz Republic	2009-01-01	2746.10265505	29.87
KG	Kyrgyz Republic	2008-01-01	2681.12218681	31.45
KG	Kyrgyz Republic	2007-01-01	2448.89919938	33.91
KG	Kyrgyz Republic	2006-01-01	2218.7279338	37.38
KG	Kyrgyz Republic	2005-01-01	2110.37793568	32.56
KG	Kyrgyz Republic	2004-01-01	2071.41749206	34.77
KG	Kyrgyz Republic	2003-01-01	1906.55626098	28.71
KG	Kyrgyz Republic	2002-01-01	1764.90516074	30.3
KG	Kyrgyz Republic	2001-01-01	1754.5543408	30.16
KG	Kyrgyz Republic	2000-01-01	1644.31197513	31.04
KH	Cambodia	2012-01-01	2858.71357016	30.76
KH	Cambodia	2011-01-01	2658.70924674	31.7
KH	Cambodia	2010-01-01	2471.89147442	33.44
KH	Cambodia	2009-01-01	2340.38172141	34.65
KH	Cambodia	2008-01-01	2355.7903053	35.1
KH	Cambodia	2007-01-01	2197.8299781	41.14
KH	Cambodia	2004-01-01	1523.77547626	35.46
KI	Kiribati	2006-01-01	1748.30139268	37.61
LA	Lao PDR	2012-01-01	4610.13578597	37.89
LA	Lao PDR	2007-01-01	3132.15137717	36.64
LA	Lao PDR	2002-01-01	2097.31167327	34.66
LR	Liberia	2007-01-01	618.886198752	36.48
LK	Sri Lanka	2012-01-01	10163.8587054	39.16
LK	Sri Lanka	2009-01-01	7731.66869524	36.39
LK	Sri Lanka	2006-01-01	6400.81675786	40.25
LK	Sri Lanka	2002-01-01	4630.59243042	40.96
LS	Lesotho	2010-01-01	2326.65606242	54.18
LS	Lesotho	2002-01-01	1503.00678615	51.57
LT	Lithuania	2012-01-01	24657.8789796	35.15
LT	Lithuania	2011-01-01	22854.2100697	32.63
LT	Lithuania	2010-01-01	20129.6880342	33.76
LT	Lithuania	2009-01-01	18164.3962909	37.38
LT	Lithuania	2008-01-01	20744.0782922	35.77
LT	Lithuania	2007-01-01	19088.0612594	34.59
LT	Lithuania	2006-01-01	16494.0114491	34.44
LT	Lithuania	2005-01-01	14526.1042117	35.3
LT	Lithuania	2004-01-01	13040.6647197	35.2
LT	Lithuania	2003-01-01	12066.981937	35.46
LT	Lithuania	2002-01-01	10494.4061582	31.92
LT	Lithuania	2001-01-01	9473.32506808	32.01
LT	Lithuania	2000-01-01	8451.10730934	31.67
LU	Luxembourg	2012-01-01	91622.1774169	34.79
LU	Luxembourg	2011-01-01	92005.0168361	32.42
LU	Luxembourg	2010-01-01	85779.0824032	30.9
LU	Luxembourg	2009-01-01	82362.3094532	31.53
LU	Luxembourg	2008-01-01	86693.8951221	32.61
LU	Luxembourg	2007-01-01	83948.7865478	31.28
LU	Luxembourg	2006-01-01	77996.2427754	30.96
LU	Luxembourg	2005-01-01	68220.0644819	31.11
LU	Luxembourg	2004-01-01	64096.8644823	30.25
LV	Latvia	2010-01-01	17592.6279271	35.27
LV	Latvia	2009-01-01	16889.0365103	34.83
LV	Latvia	2008-01-01	19432.259201	37.41
LV	Latvia	2007-01-01	18122.1739998	36.05
LV	Latvia	2006-01-01	15761.5996079	35.6
LV	Latvia	2005-01-01	13847.5966664	39.4
LV	Latvia	2004-01-01	12223.0212135	36.77
LV	Latvia	2003-01-01	11025.958856	36.53
LV	Latvia	2002-01-01	10070.0572623	35.09
LV	Latvia	2012-01-01	21252.7178977	35.48
LV	Latvia	2011-01-01	19773.2435329	36.03
MA	Morocco	2006-01-01	5232.00911806	40.72
MA	Morocco	2000-01-01	3553.99424706	40.64
MD	Moldova	2014-01-01	5017.09363563	26.83
MD	Moldova	2013-01-01	4700.2344391	28.53
MD	Moldova	2012-01-01	4226.95919772	29.16
MD	Moldova	2011-01-01	4179.21480882	30.63
MD	Moldova	2010-01-01	3831.74918708	32.05
MD	Moldova	2009-01-01	3531.03297647	32.91
MD	Moldova	2008-01-01	3723.40221333	34.69
MD	Moldova	2007-01-01	3381.09861709	34.42
MD	Moldova	2006-01-01	3190.12157329	35.4
MD	Moldova	2005-01-01	2945.08015055	36.28
MD	Moldova	2004-01-01	2647.75664402	35.03
MD	Moldova	2003-01-01	2393.41755805	34.9
MD	Moldova	2002-01-01	2195.14622027	35.85
MD	Moldova	2001-01-01	2000.88740343	37.99
MD	Moldova	2000-01-01	1839.71273636	36.43
MG	Madagascar	2012-01-01	1396.20388453	42.65
MG	Madagascar	2010-01-01	1357.65456268	40.63
MG	Madagascar	2005-01-01	1237.20111181	38.88
MG	Madagascar	2001-01-01	1203.39706597	47.44
MV	Maldives	2009-01-01	9681.45061867	38.37
MV	Maldives	2002-01-01	5947.22048239	41.31
MX	Mexico	2014-01-01	17363.1299276	48.21
MX	Mexico	2012-01-01	16457.094945	48.07
MX	Mexico	2010-01-01	14764.8100318	48.13
MX	Mexico	2008-01-01	14436.8150401	48.23
MX	Mexico	2006-01-01	13298.25613	48.01
MX	Mexico	2005-01-01	12212.8547884	51.11
MX	Mexico	2004-01-01	11330.6591188	46.03
MX	Mexico	2002-01-01	10469.865784	49.54
MX	Mexico	2000-01-01	10428.9926935	51.67
MK	Macedonia, FYR	2008-01-01	10417.7007081	44.05
MK	Macedonia, FYR	2006-01-01	8589.70387688	42.64
MK	Macedonia, FYR	2005-01-01	7759.69717255	39.31
MK	Macedonia, FYR	2004-01-01	7085.09606449	38.77
MK	Macedonia, FYR	2003-01-01	6502.27044362	38.72
MK	Macedonia, FYR	2002-01-01	6305.40776861	38.51
MK	Macedonia, FYR	2000-01-01	6122.33799744	34.26
ML	Mali	2009-01-01	1774.06535022	33.04
ML	Mali	2006-01-01	1636.4453529	38.93
ML	Mali	2001-01-01	1328.88846108	39.87
ME	Montenegro	2014-01-01	15410.0375298	31.93
ME	Montenegro	2013-01-01	14883.5835892	32.33
ME	Montenegro	2012-01-01	13863.8632458	32.18
ME	Montenegro	2011-01-01	14472.3942314	30.82
ME	Montenegro	2010-01-01	13661.3695282	28.89
ME	Montenegro	2009-01-01	12981.8147007	31.01
ME	Montenegro	2008-01-01	13737.7230854	30.49
ME	Montenegro	2007-01-01	12402.4150156	31.45
ME	Montenegro	2006-01-01	10354.4725835	30.04
ME	Montenegro	2005-01-01	8313.6622188	30.22
MN	Mongolia	2014-01-01	11954.6180259	32.04
MN	Mongolia	2012-01-01	9969.14017022	33.75
MN	Mongolia	2011-01-01	8881.4847172	33.88
MN	Mongolia	2010-01-01	7552.66557261	33.08
MN	Mongolia	2007-01-01	6647.15375034	35.82
MN	Mongolia	2002-01-01	4053.41887311	32.89
MZ	Mozambique	2008-01-01	823.786448125	45.58
MZ	Mozambique	2002-01-01	535.164447461	47.04
MR	Mauritania	2014-01-01	3850.57110865	32.42
MR	Mauritania	2008-01-01	3255.49759899	35.69
MR	Mauritania	2004-01-01	2431.84142251	40.17
MR	Mauritania	2000-01-01	2180.6442444	39.03
MU	Mauritius	2012-01-01	17408.1887038	35.84
MU	Mauritius	2006-01-01	12335.6354902	35.65
MW	Malawi	2010-01-01	1012.0674579	46.12
MW	Malawi	2004-01-01	721.969678682	39.87
MY	Malaysia	2009-01-01	19448.2756821	46.26
MY	Malaysia	2007-01-01	19488.4278404	46.05
MY	Malaysia	2004-01-01	15507.2149549	46.05
NA	Namibia	2009-01-01	7853.81899798	60.97
NA	Namibia	2003-01-01	5416.67292607	63.32
NE	Niger	2014-01-01	948.197731534	33.99
NE	Niger	2011-01-01	801.604231149	31.45
NE	Niger	2007-01-01	728.317488442	37.3
NE	Niger	2005-01-01	679.336263878	44.43
NG	Nigeria	2009-01-01	4747.71493323	42.97
NG	Nigeria	2003-01-01	2650.97624128	40.06
NI	Nicaragua	2014-01-01	5040.3205803	47.05
NI	Nicaragua	2009-01-01	3781.76748043	45.73
NI	Nicaragua	2005-01-01	3358.64501396	40.49
NI	Nicaragua	2001-01-01	2842.94882284	58.03
NL	Netherlands	2012-01-01	46707.2697078	27.99
NL	Netherlands	2011-01-01	46066.652406	28.17
NL	Netherlands	2010-01-01	44585.5262255	28.73
NL	Netherlands	2009-01-01	44090.3251851	28.38
NL	Netherlands	2008-01-01	45843.8922341	29.93
NL	Netherlands	2007-01-01	43462.0490495	30.35
NL	Netherlands	2006-01-01	40620.7596524	30.76
NL	Netherlands	2005-01-01	37265.3450882	29.86
NL	Netherlands	2004-01-01	35440.7633223	30.74
NO	Norway	2012-01-01	65380.2459894	25.9
NO	Norway	2011-01-01	62060.9585278	25.54
NO	Norway	2010-01-01	57995.8601889	25.86
NO	Norway	2009-01-01	55459.989667	26.39
NO	Norway	2008-01-01	61676.1195662	27.14
NO	Norway	2007-01-01	55847.1387161	28.07
NO	Norway	2006-01-01	54110.882646	27.29
NO	Norway	2005-01-01	47772.4300753	32.27
NO	Norway	2004-01-01	42516.4322096	31.72
NP	Nepal	2010-01-01	1945.80668141	32.84
NP	Nepal	2003-01-01	1341.49888824	43.77
PK	Pakistan	2013-01-01	4619.74453925	30.69
PK	Pakistan	2011-01-01	4309.76371307	30.93
PK	Pakistan	2010-01-01	4196.95580924	29.8
PK	Pakistan	2007-01-01	4040.34594225	31.84
PK	Pakistan	2005-01-01	3573.5251018	32.72
PK	Pakistan	2004-01-01	3282.3158915	32.51
PK	Pakistan	2001-01-01	2826.65387724	30.37
PA	Panama	2014-01-01	20932.9118803	50.7
PA	Panama	2013-01-01	19721.9434987	51.66
PA	Panama	2012-01-01	18518.8415975	51.9
PA	Panama	2011-01-01	16939.8831653	51.83
PA	Panama	2010-01-01	15107.4294781	51.91
PA	Panama	2009-01-01	14362.9633497	52.03
PA	Panama	2008-01-01	14282.2977445	52.63
PA	Panama	2007-01-01	13130.1260391	52.97
PA	Panama	2006-01-01	11629.4840441	55.06
PA	Panama	2005-01-01	10575.9122778	53.99
PA	Panama	2004-01-01	9736.94139655	55.06
PA	Panama	2003-01-01	8979.20257233	56.37
PA	Panama	2002-01-01	8609.07199838	56.59
PA	Panama	2001-01-01	8453.96467434	57.3
PA	Panama	2000-01-01	8379.32772169	57.66
PE	Peru	2014-01-01	12161.8635004	44.14
PE	Peru	2013-01-01	11828.806838	44.73
PE	Peru	2012-01-01	11145.5118964	45.11
PE	Peru	2011-01-01	10449.0932552	45.48
PE	Peru	2010-01-01	9755.14914797	46.21
PE	Peru	2009-01-01	9010.3255052	47.96
PE	Peru	2008-01-01	8956.51528728	48.55
PE	Peru	2007-01-01	8148.9218505	51.35
PE	Peru	2006-01-01	7404.29523832	51.67
PE	Peru	2005-01-01	6762.77265629	51.84
PE	Peru	2004-01-01	6240.73154356	51.2
PE	Peru	2003-01-01	5858.86294567	53.71
PE	Peru	2002-01-01	5584.34315292	54.04
PE	Peru	2001-01-01	5283.02904464	51.83
PE	Peru	2000-01-01	5202.23309486	50.77
PH	Philippines	2012-01-01	6099.12075363	43.04
PH	Philippines	2009-01-01	5115.48164341	42.91
PH	Philippines	2006-01-01	4535.14060533	44.2
PH	Philippines	2003-01-01	3729.01105883	44.04
PH	Philippines	2000-01-01	3348.1523395	46.17
PG	Papua New Guinea	2009-01-01	1919.61313756	43.88
PL	Poland	2014-01-01	25707.4864567	32.08
PL	Poland	2013-01-01	24718.4567974	32.55
PL	Poland	2012-01-01	23832.7270218	32.39
PL	Poland	2011-01-01	22850.4784215	32.78
PL	Poland	2010-01-01	21089.0110794	33.25
PL	Poland	2009-01-01	19266.1295256	33.58
PL	Poland	2008-01-01	18310.4432087	33.72
PL	Poland	2007-01-01	16781.3778912	33.51
PL	Poland	2006-01-01	15150.8956975	34.71
PL	Poland	2005-01-01	13895.9235417	34.49
PL	Poland	2004-01-01	13350.5240838	35.43
PL	Poland	2003-01-01	12256.4188986	34.91
PL	Poland	2002-01-01	11781.0563524	34.05
PL	Poland	2001-01-01	11127.4604792	32.85
PL	Poland	2000-01-01	10644.7138469	32.97
PT	Portugal	2012-01-01	26454.1026012	36.04
PT	Portugal	2011-01-01	26780.214906	36.34
PT	Portugal	2010-01-01	27360.9611167	35.84
PT	Portugal	2009-01-01	26496.1803624	34.91
PT	Portugal	2008-01-01	26631.5639633	36.63
PT	Portugal	2007-01-01	25695.8676663	36.75
PT	Portugal	2006-01-01	24669.5669809	38.06
PT	Portugal	2005-01-01	22739.5896604	38.47
PT	Portugal	2004-01-01	21490.8162318	38.9
PY	Paraguay	2014-01-01	8955.49073656	51.67
PY	Paraguay	2013-01-01	8514.0818805	48.3
PY	Paraguay	2012-01-01	7447.10818397	48.17
PY	Paraguay	2011-01-01	7504.65364402	52.6
PY	Paraguay	2010-01-01	7142.05703875	51.83
PY	Paraguay	2009-01-01	6322.53506117	49.67
PY	Paraguay	2008-01-01	6621.21916174	51.04
PY	Paraguay	2007-01-01	6188.4244535	52.09
PY	Paraguay	2006-01-01	5799.01883297	53.63
PY	Paraguay	2005-01-01	5448.98023099	51.37
PY	Paraguay	2004-01-01	5251.99009911	52.59
PY	Paraguay	2003-01-01	4996.03858607	55.55
PY	Paraguay	2002-01-01	4780.15795411	57.34
PY	Paraguay	2001-01-01	4797.71931098	54.83
PS	West Bank and Gaza	2009-01-01	1963.20151866	34.46
PS	West Bank and Gaza	2007-01-01	1575.56340027	35.61
PS	West Bank and Gaza	2006-01-01	1441.46170047	33.96
PS	West Bank and Gaza	2005-01-01	1455.18787518	34.72
PS	West Bank and Gaza	2004-01-01	1337.56572431	33.97
RO	Romania	2013-01-01	19877.4515425	27.45
RO	Romania	2012-01-01	18983.3306759	34.88
RO	Romania	2011-01-01	18094.9642233	35.33
RO	Romania	2010-01-01	17180.5104678	35.3
RO	Romania	2009-01-01	16013.1802333	35.24
RO	Romania	2008-01-01	16302.0258619	36.93
RO	Romania	2007-01-01	13442.6122535	30.21
RO	Romania	2006-01-01	11694.2558072	30.46
RO	Romania	2005-01-01	9723.53433701	29.82
RO	Romania	2004-01-01	9137.52629054	30.04
RO	Romania	2003-01-01	7820.42207629	29.91
RO	Romania	2002-01-01	7179.19893196	30.23
RO	Romania	2001-01-01	6588.47364832	29.43
RO	Romania	2000-01-01	5873.4633171	29.32
RU	Russian Federation	2012-01-01	25316.6357857	41.59
RU	Russian Federation	2011-01-01	24074.3645807	41.04
RU	Russian Federation	2010-01-01	20497.9340761	40.94
RU	Russian Federation	2009-01-01	19386.5843968	39.69
RU	Russian Federation	2008-01-01	20163.587648	41.42
RU	Russian Federation	2007-01-01	16648.5868642	42.33
RU	Russian Federation	2006-01-01	14916.1852636	41.54
RU	Russian Federation	2005-01-01	11822.3709001	41.37
RU	Russian Federation	2004-01-01	10231.4264498	40.92
RU	Russian Federation	2003-01-01	9253.57742941	40.69
RU	Russian Federation	2002-01-01	8029.12265177	37.28
RU	Russian Federation	2001-01-01	7367.6090611	39.6
RU	Russian Federation	2000-01-01	6825.41139117	37.09
RW	Rwanda	2013-01-01	1592.82342263	50.44
RW	Rwanda	2010-01-01	1325.78162054	51.34
RW	Rwanda	2005-01-01	920.766713014	52.04
RW	Rwanda	2000-01-01	622.595838273	48.55
SD	Sudan	2009-01-01	3231.23649546	35.39
SN	Senegal	2011-01-01	2154.81759563	40.29
SN	Senegal	2005-01-01	1873.73761369	39.22
SN	Senegal	2001-01-01	1577.31564757	41.23
SB	Solomon Islands	2005-01-01	1424.36173103	46.1
SL	Sierra Leone	2011-01-01	1246.25278947	33.99
SL	Sierra Leone	2003-01-01	862.726770965	40.17
SV	El Salvador	2014-01-01	8118.59503215	41.84
SV	El Salvador	2013-01-01	7901.96435783	43.51
SV	El Salvador	2012-01-01	7671.62040404	41.8
SV	El Salvador	2011-01-01	7428.03014889	42.43
SV	El Salvador	2010-01-01	7152.20492482	44.53
SV	El Salvador	2009-01-01	7001.79507563	45.93
SV	El Salvador	2008-01-01	7205.45029424	46.65
SV	El Salvador	2007-01-01	7008.70499098	45.24
SV	El Salvador	2006-01-01	6603.87361386	45.44
SV	El Salvador	2005-01-01	6193.97013213	47.88
SV	El Salvador	2004-01-01	5821.65514756	47.38
SV	El Salvador	2003-01-01	5590.15523204	50.72
SV	El Salvador	2002-01-01	5385.80459063	51.54
SV	El Salvador	2001-01-01	5213.18733529	51.14
SV	El Salvador	2000-01-01	5044.13138789	51.31
RS	Serbia	2007-01-01	10472.1085341	29.43
RS	Serbia	2006-01-01	9615.70889524	29.67
RS	Serbia	2005-01-01	8707.0090572	33.43
RS	Serbia	2004-01-01	8070.17645351	32.98
RS	Serbia	2003-01-01	7197.44624503	32.83
RS	Serbia	2002-01-01	6800.90838665	31.97
RS	Serbia	2013-01-01	13772.4968509	29.06
RS	Serbia	2010-01-01	12098.7463411	29.65
RS	Serbia	2009-01-01	11841.7760701	28.67
RS	Serbia	2008-01-01	11921.8326399	28.18
SS	South Sudan	2009-01-01	3620.00878956	46.34
ST	Sao Tome and Principe	2010-01-01	2588.07974324	30.82
SK	Slovak Republic	2012-01-01	26647.4219628	26.12
SK	Slovak Republic	2011-01-01	25835.0047572	26.58
SK	Slovak Republic	2010-01-01	25010.544579	27.32
SK	Slovak Republic	2009-01-01	23082.7905558	26.02
SK	Slovak Republic	2008-01-01	23691.6438757	26.08
SK	Slovak Republic	2007-01-01	21156.8304463	24.74
SK	Slovak Republic	2006-01-01	18875.524551	27.71
SK	Slovak Republic	2005-01-01	16616.1345443	29.33
SK	Slovak Republic	2004-01-01	15198.9196886	28.94
SI	Slovenia	2012-01-01	28841.92306	25.59
SI	Slovenia	2011-01-01	28804.7015194	24.87
SI	Slovenia	2010-01-01	27792.9779761	24.94
SI	Slovenia	2009-01-01	27504.0720697	24.83
SI	Slovenia	2008-01-01	29624.1901825	23.72
SI	Slovenia	2007-01-01	27594.7911779	24.37
SI	Slovenia	2006-01-01	25777.9866909	24.48
SI	Slovenia	2005-01-01	23945.2553424	24.63
SI	Slovenia	2004-01-01	22792.9279769	24.84
SI	Slovenia	2003-01-01	21132.3864932	30.87
SI	Slovenia	2002-01-01	20305.0222228	29.12
SE	Sweden	2012-01-01	44724.9743448	27.32
SE	Sweden	2011-01-01	43755.0604393	27.24
SE	Sweden	2010-01-01	41667.832085	26.81
SE	Sweden	2009-01-01	39693.3252969	26.61
SE	Sweden	2008-01-01	41853.6961807	27.13
SE	Sweden	2007-01-01	40563.8387965	26.92
SE	Sweden	2006-01-01	37439.8370332	26.47
SE	Sweden	2005-01-01	33967.1875268	27.1
SE	Sweden	2004-01-01	33551.705582	26.43
SZ	Swaziland	2009-01-01	6932.26548832	51.45
SZ	Swaziland	2000-01-01	4628.36896401	53.11
SC	Seychelles	2013-01-01	25655.8229521	46.82
SC	Seychelles	2006-01-01	17516.5484655	42.77
TD	Chad	2011-01-01	1863.8456054	43.32
TD	Chad	2003-01-01	1033.58346793	39.82
TG	Togo	2011-01-01	1233.83491219	46.02
TG	Togo	2006-01-01	1097.38781283	42.21
TH	Thailand	2013-01-01	15293.2579924	37.85
TH	Thailand	2012-01-01	14714.4750163	39.26
TH	Thailand	2011-01-01	13535.1332681	37.46
TH	Thailand	2010-01-01	13213.7477496	39.4
TH	Thailand	2009-01-01	12201.362438	39.75
TH	Thailand	2008-01-01	12255.2120165	40.29
TH	Thailand	2007-01-01	11878.0391489	39.76
TH	Thailand	2006-01-01	11035.6145883	41.82
TH	Thailand	2004-01-01	9604.71047825	42.54
TH	Thailand	2002-01-01	8160.93273592	41.94
TH	Thailand	2000-01-01	7283.51129029	42.83
TJ	Tajikistan	2014-01-01	2682.47305734	30.76
TJ	Tajikistan	2013-01-01	2525.68552769	30.41
TJ	Tajikistan	2012-01-01	2367.1853658	30.52
TJ	Tajikistan	2009-01-01	1957.63974875	30.77
TJ	Tajikistan	2007-01-01	1777.56357907	32.19
TJ	Tajikistan	2004-01-01	1408.96449634	33.6
TJ	Tajikistan	2003-01-01	1268.90912179	32.72
TL	Timor-Leste	2007-01-01	1276.80022143	31.56
TL	Timor-Leste	2001-01-01	1281.17970123	37.56
TO	Tonga	2009-01-01	4681.60548687	38.1
TO	Tonga	2001-01-01	3844.22582604	37.84
TN	Tunisia	2010-01-01	10225.2522337	35.81
TN	Tunisia	2005-01-01	7838.07403054	37.73
TN	Tunisia	2000-01-01	6003.31200839	40.81
TR	Turkey	2013-01-01	22310.5364019	40.18
TR	Turkey	2012-01-01	20639.8586676	40.17
TR	Turkey	2011-01-01	19660.8894896	40.04
TR	Turkey	2010-01-01	17459.569722	38.79
TR	Turkey	2009-01-01	15501.8471128	38.97
TR	Turkey	2008-01-01	16048.9201887	39.02
TR	Turkey	2007-01-01	14840.1983618	38.44
TR	Turkey	2006-01-01	13628.0025837	39.65
TR	Turkey	2005-01-01	11887.874986	42.61
TR	Turkey	2004-01-01	10868.2330562	41.29
TR	Turkey	2003-01-01	9603.83037127	42.18
TR	Turkey	2002-01-01	9330.14445969	41.4
TV	Tuvalu	2010-01-01	2945.71868217	41.1
TZ	Tanzania	2011-01-01	2186.13158171	37.78
TZ	Tanzania	2007-01-01	1830.15843495	40.28
TZ	Tanzania	2000-01-01	1174.30121144	37.3
UG	Uganda	2012-01-01	1665.2630629	41.01
UG	Uganda	2009-01-01	1460.07114829	44.2
UG	Uganda	2005-01-01	1106.50145923	42.94
UG	Uganda	2002-01-01	938.88191237	45.17
UA	Ukraine	2014-01-01	8683.64084212	24.09
UA	Ukraine	2013-01-01	8629.67699355	24.55
UA	Ukraine	2012-01-01	8475.47174617	24.74
UA	Ukraine	2011-01-01	8281.86712612	24.55
UA	Ukraine	2010-01-01	7666.21957669	24.82
UA	Ukraine	2009-01-01	7239.62422605	25.32
UA	Ukraine	2008-01-01	8395.81254471	26.64
UA	Ukraine	2007-01-01	8005.69175999	27.01
UA	Ukraine	2006-01-01	7184.20328658	29.79
UA	Ukraine	2005-01-01	6452.09619499	29.02
UA	Ukraine	2004-01-01	6042.18478386	28.93
UA	Ukraine	2003-01-01	5206.10663176	28.66
UA	Ukraine	2002-01-01	4628.03729312	29.05
UY	Uruguay	2014-01-01	20886.2747945	41.6
UY	Uruguay	2013-01-01	19942.5040485	41.87
UY	Uruguay	2012-01-01	18817.7419572	41.32
UY	Uruguay	2011-01-01	17904.7458217	43.37
UY	Uruguay	2010-01-01	16736.8510316	45.32
UY	Uruguay	2009-01-01	15391.196988	46.28
UY	Uruguay	2008-01-01	14705.5517423	46.27
UY	Uruguay	2007-01-01	13501.6028048	47.63
UY	Uruguay	2006-01-01	12376.3365965	47.2
UY	Uruguay	2005-01-01	11553.5155104	45.87
UY	Uruguay	2004-01-01	10421.0357267	47.13
UY	Uruguay	2003-01-01	9654.33669227	46.22
UY	Uruguay	2002-01-01	9383.94447187	46.66
UY	Uruguay	2001-01-01	10018.5644879	46.17
UY	Uruguay	2000-01-01	10204.9052365	44.39
US	United States	2013-01-01	52787.026949	41.06
US	United States	2010-01-01	48373.8788156	40.46
US	United States	2007-01-01	48061.5376613	41.75
US	United States	2004-01-01	41921.8097618	40.62
US	United States	2000-01-01	36449.8551155	40.46
UZ	Uzbekistan	2003-01-01	2288.35670262	35.27
UZ	Uzbekistan	2002-01-01	2178.38639799	33.04
UZ	Uzbekistan	2000-01-01	1984.47011977	36.1
VE	Venezuela, RB	2006-01-01	14821.1480014	46.94
VE	Venezuela, RB	2005-01-01	13309.6976356	52.36
VE	Venezuela, RB	2004-01-01	11891.6246678	49.82
VE	Venezuela, RB	2003-01-01	9957.68583743	50.37
VE	Venezuela, RB	2002-01-01	10775.3483989	50.56
VE	Venezuela, RB	2001-01-01	11858.3338884	48.22
VN	Vietnam	2014-01-01	5656.9569402	37.59
VN	Vietnam	2012-01-01	5000.76485438	38.7
VN	Vietnam	2010-01-01	4395.51016268	42.68
VN	Vietnam	2008-01-01	3924.10132887	38.15
VN	Vietnam	2006-01-01	3383.69503984	37.44
VN	Vietnam	2004-01-01	2828.04751625	37.17
VN	Vietnam	2002-01-01	2403.51749693	37.32
VU	Vanuatu	2010-01-01	2888.3982732	37.19
WS	Samoa	2008-01-01	5502.63367503	42.69
XK	Kosovo	2013-01-01	8827.44934368	26.71
XK	Kosovo	2012-01-01	8486.14088973	29.4
XK	Kosovo	2011-01-01	8169.28399203	27.83
XK	Kosovo	2010-01-01	7716.6118686	33.25
XK	Kosovo	2009-01-01	7438.79217557	31.78
XK	Kosovo	2006-01-01	6348.66164438	30.32
XK	Kosovo	2005-01-01	5941.54949994	31.24
XK	Kosovo	2003-01-01	5156.01318477	28.95
ZA	South Africa	2011-01-01	12243.879088	63.38
ZA	South Africa	2008-01-01	11716.715538	63.01
ZA	South Africa	2006-01-01	10577.9393764	64.79
ZA	South Africa	2000-01-01	7700.87763471	57.77
ZM	Zambia	2010-01-01	3212.94188089	55.62
ZM	Zambia	2006-01-01	2392.69003888	54.62
ZM	Zambia	2004-01-01	2051.60743309	54.29
ZM	Zambia	2002-01-01	1804.28449081	42.06
ZW	Zimbabwe	2011-01-01	1663.4563757	43.15
